rental_id,rental_date,inventory_id,customer_id,return_date,staff_id
1,2005-05-24 22:53:30,1,749,2005-05-26 22:04:30,1
2,2005-05-24 22:54:33,2,362,2005-05-28 19:40:33,1
3,2005-05-24 23:03:39,3,133,2005-06-01 22:12:39,1
4,2005-05-24 23:04:41,4,835,2005-06-03 01:43:41,2
5,2005-05-24 23:05:21,5,171,2005-06-02 04:33:21,1
6,2005-05-24 23:08:07,6,278,2005-05-27 01:32:07,1
7,2005-05-24 23:11:53,7,107,2005-05-29 20:34:53,2
8,2005-05-24 23:31:46,8,212,2005-05-27 23:33:46,2
9,2005-05-25 00:00:40,9,428,2005-05-28 00:22:40,1
10,2005-05-25 00:02:21,10,605,2005-05-31 22:44:21,2
11,2005-05-25 00:09:02,11,566,2005-06-02 20:56:02,2
12,2005-05-25 00:19:27,12,390,2005-05-30 05:44:27,2
13,2005-05-25 00:22:55,13,24,2005-05-30 04:28:55,1
14,2005-05-25 00:31:15,14,621,2005-05-26 02:56:15,1
15,2005-05-25 00:39:22,15,931,2005-06-03 03:30:22,1
16,2005-05-25 00:43:11,16,506,2005-05-26 04:42:11,2
17,2005-05-25 01:06:36,17,98,2005-05-27 00:43:36,1
18,2005-05-25 01:10:47,18,608,2005-05-31 06:35:47,2
19,2005-05-25 01:17:24,19,345,2005-05-31 06:00:24,1
20,2005-05-25 01:48:41,20,917,2005-05-27 02:20:41,2
21,2005-05-25 01:59:46,21,40,2005-05-26 01:01:46,2
22,2005-05-25 02:19:23,22,511,2005-05-26 04:52:23,2
23,2005-05-25 02:40:21,23,241,2005-05-29 06:34:21,1
24,2005-05-25 02:53:02,24,31,2005-05-27 01:15:02,1
25,2005-05-25 03:21:20,25,250,2005-05-27 21:25:20,2
26,2005-05-25 03:36:50,26,264,2005-05-31 00:34:50,1
27,2005-05-25 03:41:50,27,533,2005-05-30 01:13:50,2
28,2005-05-25 03:42:37,28,95,2005-05-26 09:26:37,2
29,2005-05-25 03:47:12,29,92,2005-05-30 00:31:12,2
30,2005-05-25 04:01:32,30,718,2005-05-30 03:12:32,1
31,2005-05-25 04:05:17,31,457,2005-05-30 07:15:17,1
32,2005-05-25 04:06:21,32,689,2005-05-25 23:55:21,1
33,2005-05-25 04:18:51,33,29,2005-05-27 03:58:51,1
34,2005-05-25 04:19:28,34,347,2005-05-29 00:10:28,2
35,2005-05-25 04:24:36,35,451,2005-05-27 07:02:36,2
36,2005-05-25 04:36:26,36,164,2005-05-29 00:31:26,1
37,2005-05-25 04:44:31,37,13,2005-05-29 01:03:31,1
38,2005-05-25 04:47:44,38,155,2005-06-01 00:58:44,1
39,2005-05-25 04:51:46,39,266,2005-05-31 03:14:46,2
40,2005-05-25 05:09:04,40,252,2005-05-27 23:12:04,1
41,2005-05-25 05:12:29,41,576,2005-06-02 00:28:29,1
42,2005-05-25 05:24:58,42,466,2005-05-31 02:47:58,2
43,2005-05-25 05:39:25,43,181,2005-05-26 06:54:25,2
44,2005-05-25 05:53:23,44,655,2005-05-29 10:56:23,2
45,2005-05-25 05:59:39,45,350,2005-06-02 09:56:39,2
46,2005-05-25 06:04:08,46,286,2005-06-02 08:18:08,2
47,2005-05-25 06:05:20,47,254,2005-05-30 03:04:20,1
48,2005-05-25 06:20:46,48,599,2005-06-02 05:42:46,1
49,2005-05-25 06:39:35,49,41,2005-05-30 10:12:35,2
50,2005-05-25 06:44:53,50,355,2005-05-28 11:28:53,2
51,2005-05-25 06:49:10,51,570,2005-05-26 06:42:10,1
52,2005-05-25 06:51:29,52,838,2005-05-31 01:27:29,2
53,2005-05-25 07:19:16,53,402,2005-05-27 05:19:16,2
54,2005-05-25 07:23:25,54,131,2005-06-01 05:05:25,2
55,2005-05-25 08:26:13,55,476,2005-05-30 10:57:13,1
56,2005-05-25 08:28:11,56,429,2005-05-26 14:21:11,1
57,2005-05-25 08:43:32,57,226,2005-05-29 06:42:32,2
58,2005-05-25 08:53:14,58,646,2005-05-28 14:40:14,1
59,2005-05-25 08:56:42,59,359,2005-06-01 09:52:42,1
60,2005-05-25 08:58:25,60,141,2005-05-30 14:14:25,1
61,2005-05-25 09:01:57,61,154,2005-06-02 07:22:57,2
62,2005-05-25 09:18:52,62,637,2005-05-30 10:55:52,1
63,2005-05-25 09:19:16,63,510,2005-05-27 04:24:16,1
64,2005-05-25 09:21:29,64,705,2005-06-03 11:31:29,1
65,2005-05-25 09:32:03,65,600,2005-05-29 14:21:03,1
66,2005-05-25 09:35:12,66,928,2005-05-29 04:16:12,2
67,2005-05-25 09:41:01,67,399,2005-05-27 13:46:01,2
68,2005-05-25 09:47:31,68,946,2005-05-31 10:20:31,2
69,2005-05-25 10:10:14,69,585,2005-05-27 14:02:14,2
70,2005-05-25 10:15:23,70,271,2005-05-27 05:56:23,2
71,2005-05-25 10:26:39,71,432,2005-05-28 04:59:39,1
72,2005-05-25 10:52:13,72,14,2005-05-28 05:52:13,2
73,2005-05-25 11:00:07,73,330,2005-06-01 13:56:07,2
74,2005-05-25 11:09:48,74,631,2005-05-26 12:23:48,2
75,2005-05-25 11:13:34,75,395,2005-06-03 12:58:34,1
76,2005-05-25 11:30:37,76,961,2005-06-03 12:00:37,2
77,2005-05-25 11:31:59,77,881,2005-05-26 16:53:59,2
78,2005-05-25 11:35:18,78,971,2005-05-31 12:48:18,2
79,2005-05-25 12:11:07,79,602,2005-06-03 10:54:07,2
80,2005-05-25 12:12:07,80,358,2005-05-31 17:46:07,2
81,2005-05-25 12:15:19,81,385,2005-06-02 14:08:19,2
82,2005-05-25 12:17:46,82,499,2005-06-01 10:48:46,1
83,2005-05-25 12:30:15,83,239,2005-05-27 15:40:15,1
84,2005-05-25 12:36:30,84,46,2005-05-29 18:33:30,1
85,2005-05-25 13:05:34,85,9,2005-05-29 16:53:34,1
86,2005-05-25 13:36:12,86,941,2005-05-30 14:53:12,1
87,2005-05-25 13:52:43,87,762,2005-05-29 11:12:43,2
88,2005-05-25 14:13:54,88,401,2005-05-29 09:32:54,2
89,2005-05-25 14:28:29,89,901,2005-05-29 14:33:29,1
90,2005-05-25 14:31:25,90,140,2005-06-01 10:07:25,1
91,2005-05-25 14:57:22,91,255,2005-06-01 18:32:22,1
92,2005-05-25 15:38:46,92,735,2005-05-31 13:40:46,2
93,2005-05-25 15:54:16,93,736,2005-06-03 20:18:16,1
94,2005-05-25 16:03:42,94,30,2005-05-30 14:23:42,1
95,2005-05-25 16:12:52,95,504,2005-06-02 18:55:52,2
96,2005-05-25 16:32:19,96,396,2005-05-30 10:47:19,2
97,2005-05-25 16:34:24,97,733,2005-05-28 12:13:24,2
98,2005-05-25 16:48:24,98,720,2005-05-27 11:29:24,2
99,2005-05-25 16:50:20,99,272,2005-05-28 18:52:20,1
100,2005-05-25 16:50:28,100,143,2005-06-02 22:11:28,1
101,2005-05-25 17:17:04,101,523,2005-05-31 19:47:04,1
102,2005-05-25 17:22:10,102,222,2005-05-31 19:47:10,1
103,2005-05-25 17:30:42,103,986,2005-06-03 22:36:42,1
104,2005-05-25 17:46:33,104,582,2005-05-27 15:20:33,1
105,2005-05-25 17:54:12,105,885,2005-05-30 12:03:12,2
106,2005-05-25 18:18:19,106,85,2005-06-04 00:01:19,2
107,2005-05-25 18:28:09,107,453,2005-06-03 22:46:09,2
108,2005-05-25 18:30:05,108,782,2005-05-30 19:40:05,1
109,2005-05-25 18:40:20,109,228,2005-05-29 20:39:20,2
110,2005-05-25 18:43:49,110,667,2005-06-03 18:13:49,2
111,2005-05-25 18:45:19,111,514,2005-05-28 17:18:19,1
112,2005-05-25 18:57:24,112,353,2005-06-02 20:44:24,1
113,2005-05-25 19:07:40,113,421,2005-05-27 22:16:40,2
114,2005-05-25 19:12:42,114,589,2005-06-01 23:10:42,1
115,2005-05-25 19:13:25,115,726,2005-05-29 20:17:25,1
116,2005-05-25 19:27:51,116,940,2005-05-26 16:23:51,1
117,2005-05-25 19:30:46,117,151,2005-05-31 23:59:46,2
118,2005-05-25 19:31:18,118,63,2005-05-31 15:00:18,1
119,2005-05-25 19:37:02,119,455,2005-05-29 23:51:02,2
120,2005-05-25 19:37:47,120,322,2005-06-01 23:29:47,2
121,2005-05-25 19:41:29,121,643,2005-05-29 21:31:29,1
122,2005-05-25 19:46:21,122,218,2005-06-02 19:07:21,1
123,2005-05-25 20:26:42,123,759,2005-05-26 19:41:42,1
124,2005-05-25 20:46:11,124,242,2005-05-30 00:47:11,2
125,2005-05-25 20:48:50,125,229,2005-06-02 21:39:50,1
126,2005-05-25 21:07:59,126,767,2005-05-28 18:51:59,1
127,2005-05-25 21:10:40,127,283,2005-06-02 21:38:40,1
128,2005-05-25 21:19:53,128,663,2005-05-29 23:34:53,1
129,2005-05-25 21:20:03,129,678,2005-06-04 01:25:03,2
130,2005-05-25 21:21:56,130,496,2005-05-30 22:41:56,2
131,2005-05-25 21:42:46,131,598,2005-05-30 23:25:46,2
132,2005-05-25 21:46:54,132,66,2005-05-31 21:02:54,1
133,2005-05-25 21:48:30,133,561,2005-05-30 00:26:30,2
134,2005-05-25 21:48:41,134,311,2005-06-02 18:28:41,1
135,2005-05-25 21:58:58,135,844,2005-06-03 17:50:58,1
136,2005-05-25 22:02:30,136,371,2005-05-31 18:06:30,1
137,2005-05-25 22:25:18,137,907,2005-06-01 02:30:18,2
138,2005-05-25 22:48:22,138,17,2005-05-29 20:21:22,2
139,2005-05-25 23:00:21,139,411,2005-05-29 17:12:21,1
140,2005-05-25 23:34:22,140,851,2005-05-27 01:10:22,1
141,2005-05-25 23:34:53,141,442,2005-06-02 01:57:53,1
142,2005-05-25 23:43:47,142,207,2005-05-29 00:46:47,2
143,2005-05-25 23:45:52,143,270,2005-05-27 21:41:52,2
144,2005-05-25 23:49:56,144,904,2005-06-01 21:41:56,2
145,2005-05-25 23:59:03,145,586,2005-05-31 02:56:03,1
146,2005-05-26 00:07:11,146,983,2005-06-04 00:20:11,2
147,2005-05-26 00:17:50,147,706,2005-05-29 23:21:50,2
148,2005-05-26 00:25:23,148,193,2005-06-01 19:29:23,2
149,2005-05-26 00:28:05,149,312,2005-06-02 21:30:05,2
150,2005-05-26 00:28:39,150,732,2005-06-01 02:10:39,2
151,2005-05-26 00:37:28,151,6,2005-05-30 06:28:28,1
152,2005-05-26 00:41:10,152,392,2005-06-03 06:05:10,1
153,2005-05-26 00:47:47,153,198,2005-05-27 21:28:47,1
154,2005-05-26 00:55:56,154,724,2005-05-29 23:18:56,2
155,2005-05-26 01:15:05,155,379,2005-06-01 00:03:05,1
156,2005-05-26 01:19:05,156,649,2005-05-27 23:43:05,1
157,2005-05-26 01:25:21,157,115,2005-05-26 21:17:21,2
158,2005-05-26 01:27:11,158,967,2005-06-03 00:30:11,2
159,2005-05-26 01:34:28,159,916,2005-05-29 04:00:28,1
160,2005-05-26 01:46:20,160,374,2005-06-01 05:45:20,1
161,2005-05-26 01:51:48,161,763,2005-05-27 05:42:48,1
162,2005-05-26 02:02:05,162,505,2005-05-27 03:38:05,2
163,2005-05-26 02:26:23,163,419,2005-06-04 06:36:23,1
164,2005-05-26 02:26:49,164,805,2005-05-28 00:32:49,1
165,2005-05-26 02:28:36,165,995,2005-06-02 03:21:36,1
166,2005-05-26 02:49:11,166,105,2005-05-31 01:28:11,1
167,2005-05-26 02:50:31,167,617,2005-05-27 03:07:31,1
168,2005-05-26 03:07:43,168,868,2005-06-02 02:09:43,2
169,2005-05-26 03:09:30,169,675,2005-05-27 01:37:30,2
170,2005-05-26 03:11:12,170,407,2005-06-02 03:53:12,1
171,2005-05-26 03:14:15,171,343,2005-06-03 00:24:15,2
172,2005-05-26 03:17:42,172,737,2005-05-29 04:11:42,2
173,2005-05-26 03:42:10,173,490,2005-05-28 01:37:10,2
174,2005-05-26 03:44:10,174,883,2005-05-28 07:13:10,2
175,2005-05-26 03:46:26,175,997,2005-06-03 06:01:26,2
176,2005-05-26 03:47:39,176,165,2005-06-01 02:36:39,2
177,2005-05-26 04:14:29,177,699,2005-06-01 08:16:29,2
178,2005-05-26 04:21:46,178,534,2005-06-04 07:09:46,2
179,2005-05-26 04:26:06,179,532,2005-06-03 10:06:06,1
180,2005-05-26 04:46:23,180,500,2005-06-01 09:58:23,1
181,2005-05-26 04:47:06,181,147,2005-05-29 06:34:06,2
182,2005-05-26 04:49:17,182,951,2005-06-01 05:43:17,2
183,2005-05-26 05:01:18,183,129,2005-06-01 09:04:18,1
184,2005-05-26 05:29:49,184,33,2005-05-28 10:10:49,1
185,2005-05-26 05:30:03,185,516,2005-06-02 09:48:03,2
186,2005-05-26 05:32:52,186,670,2005-06-03 07:19:52,2
187,2005-05-26 05:42:37,187,642,2005-06-04 00:38:37,1
188,2005-05-26 05:47:12,188,821,2005-05-26 23:48:12,1
189,2005-05-26 06:01:41,189,221,2005-05-27 06:11:41,1
190,2005-05-26 06:11:28,190,952,2005-06-01 09:44:28,1
191,2005-05-26 06:14:06,191,257,2005-05-28 05:33:06,1
192,2005-05-26 06:20:37,192,26,2005-06-02 10:57:37,1
193,2005-05-26 06:41:48,193,156,2005-05-30 06:21:48,2
194,2005-05-26 06:52:33,194,799,2005-05-30 04:08:33,2
195,2005-05-26 06:52:36,195,774,2005-05-31 02:47:36,2
196,2005-05-26 06:55:58,196,950,2005-05-27 10:54:58,1
197,2005-05-26 06:59:21,197,638,2005-06-03 05:04:21,2
198,2005-05-26 07:03:49,198,795,2005-06-04 11:45:49,1
199,2005-05-26 07:11:58,199,553,2005-05-28 09:06:58,1
200,2005-05-26 07:12:21,200,688,2005-05-31 12:07:21,1
201,2005-05-26 07:13:45,201,167,2005-06-04 02:02:45,2
202,2005-05-26 07:27:36,202,702,2005-06-02 03:52:36,1
203,2005-05-26 07:27:57,203,768,2005-06-03 12:52:57,1
204,2005-05-26 07:30:37,204,519,2005-05-30 08:11:37,1
205,2005-05-26 07:59:37,205,728,2005-05-29 09:43:37,2
206,2005-05-26 08:01:54,206,256,2005-05-27 06:26:54,1
207,2005-05-26 08:04:38,207,842,2005-05-27 09:32:38,2
208,2005-05-26 08:10:22,208,232,2005-05-27 03:55:22,1
209,2005-05-26 08:14:01,209,188,2005-05-27 09:00:01,1
210,2005-05-26 08:14:15,210,563,2005-05-27 12:12:15,2
211,2005-05-26 08:33:10,211,294,2005-05-28 14:09:10,1
212,2005-05-26 08:34:41,212,488,2005-05-30 12:46:41,2
213,2005-05-26 08:44:08,213,800,2005-05-31 12:33:08,2
214,2005-05-26 08:48:49,214,915,2005-05-31 04:06:49,2
215,2005-05-26 09:02:47,215,179,2005-05-28 09:45:47,2
216,2005-05-26 09:17:43,216,787,2005-06-03 08:21:43,1
217,2005-05-26 09:24:26,217,531,2005-05-31 03:24:26,2
218,2005-05-26 09:27:09,218,172,2005-06-04 11:53:09,2
219,2005-05-26 09:41:45,219,611,2005-05-28 04:40:45,1
220,2005-05-26 10:06:49,220,836,2005-06-01 07:43:49,1
221,2005-05-26 10:14:09,221,672,2005-05-29 05:57:09,1
222,2005-05-26 10:14:38,222,804,2005-05-31 08:36:38,2
223,2005-05-26 10:15:23,223,247,2005-05-30 11:43:23,1
224,2005-05-26 10:18:27,224,79,2005-06-04 06:59:27,1
225,2005-05-26 10:27:50,225,318,2005-06-01 07:01:50,2
226,2005-05-26 10:44:04,226,456,2005-05-31 13:26:04,2
227,2005-05-26 10:51:46,227,781,2005-05-30 07:24:46,1
228,2005-05-26 10:54:28,228,825,2005-06-04 09:39:28,1
229,2005-05-26 11:19:20,229,546,2005-05-31 11:56:20,2
230,2005-05-26 11:31:50,230,884,2005-05-30 15:22:50,1
231,2005-05-26 11:31:59,231,493,2005-05-27 07:27:59,1
232,2005-05-26 11:38:05,232,827,2005-05-27 08:42:05,2
233,2005-05-26 11:43:44,233,97,2005-05-28 17:28:44,2
234,2005-05-26 11:47:20,234,103,2005-06-03 10:39:20,2
235,2005-05-26 11:51:09,235,128,2005-06-04 09:36:09,1
236,2005-05-26 11:53:49,236,780,2005-05-28 13:55:49,1
237,2005-05-26 12:15:13,237,200,2005-05-29 18:10:13,1
238,2005-05-26 12:30:22,238,954,2005-05-27 06:49:22,1
239,2005-05-26 12:30:26,239,731,2005-06-01 13:26:26,2
240,2005-05-26 12:40:23,240,87,2005-06-04 07:22:23,1
241,2005-05-26 12:49:01,241,610,2005-05-28 11:43:01,2
242,2005-05-26 13:05:08,242,122,2005-06-02 15:26:08,1
243,2005-05-26 13:06:05,243,335,2005-06-03 17:28:05,2
244,2005-05-26 13:40:40,244,889,2005-05-31 11:58:40,1
245,2005-05-26 13:46:59,245,725,2005-05-27 09:58:59,2
246,2005-05-26 13:57:07,246,378,2005-05-29 10:12:07,2
247,2005-05-26 14:01:05,247,112,2005-05-28 13:38:05,2
248,2005-05-26 14:07:58,248,681,2005-05-31 14:03:58,2
249,2005-05-26 14:19:09,249,634,2005-05-28 17:47:09,2
250,2005-05-26 14:30:24,250,528,2005-05-27 08:50:24,1
251,2005-05-26 14:35:40,251,65,2005-05-29 17:17:40,1
252,2005-05-26 14:39:53,252,10,2005-06-02 14:48:53,1
253,2005-05-26 14:43:14,253,716,2005-05-27 12:21:14,1
254,2005-05-26 14:43:48,254,237,2005-05-31 09:19:48,2
255,2005-05-26 14:52:15,255,469,2005-05-27 12:45:15,1
256,2005-05-26 15:20:58,256,712,2005-05-31 15:58:58,1
257,2005-05-26 15:27:05,257,988,2005-05-29 16:25:05,2
258,2005-05-26 15:28:14,258,550,2005-05-30 18:38:14,2
259,2005-05-26 15:32:46,259,831,2005-06-04 15:27:46,2
260,2005-05-26 15:42:20,260,215,2005-05-31 13:21:20,2
261,2005-05-26 15:44:23,261,590,2005-06-02 09:47:23,2
262,2005-05-26 15:46:56,262,279,2005-05-28 15:49:56,2
263,2005-05-26 15:47:40,263,458,2005-05-30 10:07:40,2
264,2005-05-26 16:00:49,264,344,2005-05-27 10:12:49,2
265,2005-05-26 16:07:38,265,710,2005-06-01 14:20:38,1
266,2005-05-26 16:08:05,266,365,2005-05-27 10:55:05,2
267,2005-05-26 16:16:21,267,246,2005-05-30 16:53:21,2
268,2005-05-26 16:19:08,268,808,2005-05-27 14:35:08,1
269,2005-05-26 16:19:46,269,52,2005-05-27 15:59:46,2
270,2005-05-26 16:20:56,270,57,2005-06-03 12:40:56,2
271,2005-05-26 16:22:01,271,22,2005-06-03 17:30:01,2
272,2005-05-26 16:27:11,272,485,2005-06-03 13:10:11,2
273,2005-05-26 16:29:36,273,549,2005-05-29 18:49:36,2
274,2005-05-26 16:48:51,274,150,2005-06-03 18:17:51,1
275,2005-05-26 17:09:53,275,597,2005-06-04 22:35:53,1
276,2005-05-26 17:16:07,276,975,2005-06-03 12:59:07,1
277,2005-05-26 17:32:11,277,957,2005-05-28 22:54:11,1
278,2005-05-26 17:40:58,278,384,2005-06-02 16:43:58,2
279,2005-05-26 18:02:50,279,201,2005-06-03 18:48:50,2
280,2005-05-26 18:36:58,280,895,2005-05-27 23:42:58,1
281,2005-05-26 18:49:35,281,47,2005-05-27 18:11:35,2
282,2005-05-26 18:56:26,282,475,2005-06-01 16:32:26,2
283,2005-05-26 19:05:05,283,108,2005-05-31 19:19:05,1
284,2005-05-26 19:21:44,284,914,2005-06-04 14:18:44,2
285,2005-05-26 19:41:40,285,134,2005-05-31 16:58:40,2
286,2005-05-26 19:44:51,286,786,2005-06-04 18:00:51,2
287,2005-05-26 19:44:54,287,317,2005-06-02 01:10:54,1
288,2005-05-26 19:47:49,288,734,2005-06-03 20:53:49,2
289,2005-05-26 20:01:09,289,375,2005-05-28 15:09:09,1
290,2005-05-26 20:08:33,290,492,2005-05-30 00:32:33,1
291,2005-05-26 20:20:47,291,296,2005-06-03 02:06:47,2
292,2005-05-26 20:22:12,292,628,2005-06-05 00:58:12,1
293,2005-05-26 20:27:02,293,69,2005-06-03 16:45:02,2
294,2005-05-26 20:29:57,294,623,2005-05-28 17:20:57,1
295,2005-05-26 20:33:20,295,316,2005-05-27 18:23:20,2
296,2005-05-26 20:35:19,296,303,2005-06-04 02:31:19,2
297,2005-05-26 20:48:48,297,299,2005-05-27 19:52:48,2
298,2005-05-26 20:52:26,298,587,2005-05-29 22:08:26,2
299,2005-05-26 20:55:36,299,425,2005-05-28 00:25:36,2
300,2005-05-26 20:57:00,300,714,2005-06-05 01:34:00,2
301,2005-05-26 21:06:14,301,882,2005-06-01 01:54:14,2
302,2005-05-26 21:13:46,302,169,2005-06-03 15:49:46,2
303,2005-05-26 21:16:52,303,874,2005-05-27 23:41:52,2
304,2005-05-26 21:21:28,304,482,2005-06-02 00:05:28,1
305,2005-05-26 21:22:07,305,690,2005-06-02 22:33:07,2
306,2005-05-26 21:31:57,306,748,2005-05-28 19:37:57,1
307,2005-05-26 21:48:13,307,978,2005-06-04 22:24:13,1
308,2005-05-26 22:01:39,308,657,2005-06-04 20:24:39,2
309,2005-05-26 22:38:10,309,139,2005-06-02 03:10:10,2
310,2005-05-26 22:41:07,310,391,2005-06-02 04:09:07,1
311,2005-05-26 22:51:37,311,346,2005-06-01 00:02:37,1
312,2005-05-26 22:52:19,312,480,2005-06-02 18:14:19,2
313,2005-05-26 22:56:19,313,666,2005-05-29 01:29:19,2
314,2005-05-26 23:09:41,314,55,2005-05-28 22:49:41,2
315,2005-05-26 23:12:55,315,426,2005-05-29 23:33:55,1
316,2005-05-26 23:22:55,316,615,2005-05-29 23:25:55,2
317,2005-05-26 23:23:56,317,435,2005-06-01 19:56:56,2
318,2005-05-26 23:37:39,318,477,2005-06-03 04:31:39,2
319,2005-05-26 23:52:13,319,234,2005-05-30 18:55:13,1
320,2005-05-27 00:09:24,320,905,2005-05-28 04:30:24,2
321,2005-05-27 00:47:35,321,479,2005-06-02 00:32:35,1
322,2005-05-27 00:49:27,322,398,2005-05-30 03:12:27,1
323,2005-05-27 01:00:04,323,843,2005-05-30 04:27:04,1
324,2005-05-27 01:09:55,324,62,2005-05-31 07:01:55,2
325,2005-05-27 01:10:11,325,315,2005-06-04 20:25:11,2
326,2005-05-27 01:18:57,326,958,2005-06-04 04:06:57,1
327,2005-05-27 01:29:31,327,50,2005-06-01 02:27:31,1
328,2005-05-27 01:57:14,328,72,2005-05-31 04:19:14,2
329,2005-05-27 02:15:30,329,960,2005-06-04 05:09:30,2
330,2005-05-27 02:22:26,330,974,2005-06-05 00:25:26,1
331,2005-05-27 02:27:10,331,760,2005-06-03 01:26:10,2
332,2005-05-27 02:52:21,332,388,2005-06-01 00:55:21,2
333,2005-05-27 03:03:07,333,19,2005-05-29 03:54:07,1
334,2005-05-27 03:07:10,334,818,2005-06-05 00:15:10,2
335,2005-05-27 03:15:23,335,70,2005-05-29 22:43:23,1
336,2005-05-27 03:22:30,336,807,2005-06-02 03:27:30,1
337,2005-05-27 03:42:52,337,906,2005-06-01 05:23:52,2
338,2005-05-27 03:47:18,338,569,2005-06-04 05:46:18,2
339,2005-05-27 03:55:25,339,856,2005-06-04 07:57:25,2
340,2005-05-27 04:01:42,340,64,2005-06-05 08:51:42,1
341,2005-05-27 04:11:04,341,584,2005-05-29 01:28:04,2
342,2005-05-27 04:13:41,342,219,2005-05-28 08:34:41,1
343,2005-05-27 04:30:22,343,525,2005-05-29 10:13:22,2
344,2005-05-27 04:32:25,344,243,2005-05-31 09:50:25,1
345,2005-05-27 04:34:41,345,324,2005-06-05 04:24:41,2
346,2005-05-27 04:40:33,346,244,2005-05-28 09:56:33,2
347,2005-05-27 04:50:56,347,769,2005-06-01 04:43:56,1
348,2005-05-27 04:53:11,348,801,2005-05-28 06:33:11,2
349,2005-05-27 05:01:28,349,73,2005-06-04 05:01:28,2
350,2005-05-27 05:39:03,350,656,2005-06-01 11:10:03,1
351,2005-05-27 05:48:19,351,521,2005-05-29 09:05:19,1
352,2005-05-27 06:03:39,352,497,2005-06-03 04:39:39,2
353,2005-05-27 06:12:26,353,502,2005-06-01 06:48:26,1
354,2005-05-27 06:15:33,354,325,2005-06-01 02:50:33,2
355,2005-05-27 06:32:30,355,613,2005-05-30 06:24:30,2
356,2005-05-27 06:37:15,356,964,2005-05-30 07:04:15,2
357,2005-05-27 06:43:59,357,824,2005-05-29 11:28:59,2
358,2005-05-27 06:48:33,358,341,2005-05-29 03:55:33,1
359,2005-05-27 06:51:14,359,853,2005-06-03 01:58:14,1
360,2005-05-27 07:03:28,360,567,2005-05-31 08:01:28,1
361,2005-05-27 07:10:25,361,664,2005-06-01 08:34:25,1
362,2005-05-27 07:14:00,362,973,2005-05-28 12:22:00,2
363,2005-05-27 07:20:12,363,462,2005-05-31 10:44:12,2
364,2005-05-27 07:31:20,364,472,2005-06-04 04:46:20,1
365,2005-05-27 07:33:54,365,357,2005-06-04 01:55:54,2
366,2005-05-27 07:37:02,366,543,2005-05-30 05:43:02,2
367,2005-05-27 07:42:29,367,484,2005-06-04 11:20:29,2
368,2005-05-27 07:46:49,368,338,2005-06-01 06:20:49,2
369,2005-05-27 07:49:43,369,125,2005-06-05 06:39:43,2
370,2005-05-27 08:08:18,370,935,2005-06-05 03:05:18,2
371,2005-05-27 08:13:58,371,879,2005-06-04 03:50:58,2
372,2005-05-27 08:16:25,372,645,2005-06-01 11:41:25,1
373,2005-05-27 08:26:30,373,770,2005-06-05 07:13:30,1
374,2005-05-27 08:49:21,374,679,2005-06-04 14:11:21,1
375,2005-05-27 08:58:15,375,351,2005-06-02 04:48:15,1
376,2005-05-27 09:04:05,376,873,2005-06-02 03:36:05,2
377,2005-05-27 09:23:22,377,773,2005-05-29 15:20:22,1
378,2005-05-27 09:25:32,378,88,2005-06-02 06:19:32,1
379,2005-05-27 09:34:39,379,83,2005-06-04 11:45:39,1
380,2005-05-27 09:43:25,380,489,2005-05-31 12:00:25,1
381,2005-05-27 10:12:00,381,178,2005-05-31 15:03:00,1
382,2005-05-27 10:12:20,382,461,2005-06-03 10:37:20,1
383,2005-05-27 10:18:20,383,530,2005-06-02 09:21:20,2
384,2005-05-27 10:23:25,384,380,2005-05-30 15:27:25,2
385,2005-05-27 10:26:31,385,348,2005-05-30 08:32:31,1
386,2005-05-27 10:35:27,386,659,2005-06-01 13:37:27,2
387,2005-05-27 10:37:27,387,919,2005-05-30 05:45:27,1
388,2005-05-27 10:45:41,388,372,2005-06-05 06:22:41,2
389,2005-05-27 11:02:26,389,855,2005-06-02 16:09:26,2
390,2005-05-27 11:03:55,390,619,2005-06-01 11:59:55,2
391,2005-05-27 11:14:42,391,870,2005-06-01 14:28:42,2
392,2005-05-27 11:18:25,392,136,2005-05-28 07:10:25,2
393,2005-05-27 11:26:11,393,366,2005-06-03 16:44:11,2
394,2005-05-27 11:45:49,394,130,2005-05-31 13:42:49,1
395,2005-05-27 11:47:04,395,339,2005-05-29 10:14:04,1
396,2005-05-27 12:29:02,396,817,2005-05-28 17:36:02,2
397,2005-05-27 12:44:03,397,43,2005-06-02 08:19:03,1
398,2005-05-27 12:48:38,398,292,2005-05-29 15:27:38,1
399,2005-05-27 12:51:44,399,11,2005-05-31 08:34:44,2
400,2005-05-27 12:57:55,400,865,2005-05-29 17:55:55,2
401,2005-05-27 13:17:18,401,110,2005-05-30 08:53:18,2
402,2005-05-27 13:28:52,402,577,2005-05-29 11:47:52,2
403,2005-05-27 13:31:51,403,386,2005-05-30 16:58:51,1
404,2005-05-27 13:32:39,404,948,2005-06-05 18:53:39,2
405,2005-05-27 13:46:46,405,980,2005-05-30 12:43:46,1
406,2005-05-27 13:57:38,406,161,2005-05-31 18:23:38,1
407,2005-05-27 13:57:39,407,440,2005-05-28 11:57:39,1
408,2005-05-27 14:10:58,408,53,2005-06-02 10:40:58,2
409,2005-05-27 14:11:22,409,314,2005-06-02 20:06:22,2
410,2005-05-27 14:14:14,410,180,2005-06-03 17:39:14,1
411,2005-05-27 14:17:23,411,977,2005-05-29 15:07:23,2
412,2005-05-27 14:45:37,412,32,2005-06-03 11:11:37,1
413,2005-05-27 14:48:20,413,833,2005-05-31 14:39:20,2
414,2005-05-27 14:51:45,414,159,2005-05-28 19:07:45,2
415,2005-05-27 15:02:10,415,302,2005-05-29 10:34:10,2
416,2005-05-27 15:07:27,416,568,2005-05-29 20:01:27,2
417,2005-05-27 15:13:17,417,545,2005-06-04 12:05:17,2
418,2005-05-27 15:15:11,418,138,2005-06-02 11:53:11,1
419,2005-05-27 15:19:38,419,926,2005-06-03 15:07:38,2
420,2005-05-27 15:30:13,420,945,2005-06-04 13:19:13,2
421,2005-05-27 15:31:55,421,651,2005-06-01 11:47:55,2
422,2005-05-27 15:32:57,422,632,2005-06-02 19:03:57,1
423,2005-05-27 15:34:01,423,625,2005-06-05 09:44:01,1
424,2005-05-27 15:51:30,424,190,2005-06-03 16:52:30,2
425,2005-05-27 15:56:57,425,37,2005-06-05 11:45:57,1
426,2005-05-27 16:10:04,426,38,2005-06-05 13:22:04,2
427,2005-05-27 16:10:58,427,183,2005-05-31 17:24:58,2
428,2005-05-27 16:21:26,428,90,2005-06-05 20:23:26,2
429,2005-05-27 16:22:10,429,478,2005-06-05 13:10:10,1
430,2005-05-27 16:31:05,430,955,2005-06-05 11:29:05,1
431,2005-05-27 16:40:29,431,727,2005-05-29 16:20:29,1
432,2005-05-27 16:40:40,432,230,2005-05-30 19:55:40,2
433,2005-05-27 16:54:27,433,158,2005-06-04 22:26:27,1
434,2005-05-27 17:17:09,434,236,2005-06-02 11:20:09,2
435,2005-05-27 17:21:04,435,5,2005-05-30 21:26:04,2
436,2005-05-27 17:47:22,436,840,2005-06-05 14:22:22,2
437,2005-05-27 17:52:34,437,96,2005-06-05 22:23:34,2
438,2005-05-27 17:54:48,438,495,2005-06-02 23:01:48,2
439,2005-05-27 18:00:35,439,717,2005-05-29 16:15:35,1
440,2005-05-27 18:11:05,440,796,2005-05-30 22:45:05,1
441,2005-05-27 18:12:13,441,319,2005-05-30 12:30:13,2
442,2005-05-27 18:35:20,442,443,2005-06-04 18:58:20,1
443,2005-05-27 18:39:15,443,406,2005-06-01 15:56:15,1
444,2005-05-27 18:42:57,444,187,2005-05-30 22:35:57,2
445,2005-05-27 18:48:41,445,527,2005-06-03 16:42:41,2
446,2005-05-27 18:57:02,446,866,2005-06-05 18:38:02,1
447,2005-05-27 19:03:08,447,806,2005-06-03 20:28:08,2
448,2005-05-27 19:13:15,448,404,2005-06-04 01:08:15,2
449,2005-05-27 19:18:54,449,394,2005-06-05 23:52:54,1
450,2005-05-27 19:27:54,450,745,2005-05-29 01:07:54,2
451,2005-05-27 19:30:33,451,719,2005-05-30 20:53:33,2
452,2005-05-27 19:31:16,452,23,2005-05-29 23:06:16,1
453,2005-05-27 19:31:36,453,144,2005-05-30 15:46:36,1
454,2005-05-27 19:43:29,454,641,2005-06-04 23:40:29,2
455,2005-05-27 19:50:06,455,937,2005-06-02 22:14:06,1
456,2005-05-27 19:52:29,456,342,2005-06-02 17:17:29,2
457,2005-05-27 19:58:36,457,206,2005-06-06 00:51:36,1
458,2005-05-27 20:00:04,458,932,2005-05-29 22:47:04,1
459,2005-05-27 20:02:03,459,740,2005-05-28 16:14:03,1
460,2005-05-27 20:08:55,460,544,2005-06-01 14:32:55,1
461,2005-05-27 20:10:36,461,876,2005-06-03 21:12:36,2
462,2005-05-27 20:11:47,462,750,2005-06-04 21:18:47,1
463,2005-05-27 20:42:44,463,680,2005-05-30 00:49:44,2
464,2005-05-27 20:44:36,464,911,2005-06-02 02:43:36,1
465,2005-05-27 20:57:07,465,520,2005-05-29 15:52:07,1
466,2005-05-27 21:10:03,466,397,2005-06-01 16:08:03,1
467,2005-05-27 21:13:10,467,848,2005-06-04 15:26:10,2
468,2005-05-27 21:14:26,468,309,2005-06-05 21:51:26,1
469,2005-05-27 21:17:08,469,153,2005-06-04 17:47:08,1
470,2005-05-27 21:32:42,470,91,2005-05-31 00:39:42,2
471,2005-05-27 21:36:15,471,7,2005-05-29 21:07:15,1
472,2005-05-27 21:36:34,472,888,2005-06-05 17:02:34,1
473,2005-05-27 22:11:56,473,8,2005-05-31 19:07:56,1
474,2005-05-27 22:16:26,474,100,2005-05-28 19:58:26,1
475,2005-05-27 22:31:36,475,604,2005-06-03 19:12:36,1
476,2005-05-27 22:33:33,476,160,2005-06-02 18:35:33,2
477,2005-05-27 22:38:20,477,424,2005-05-31 18:39:20,2
478,2005-05-27 22:39:10,478,925,2005-06-05 22:46:10,2
479,2005-05-27 22:47:39,479,15,2005-06-04 21:17:39,2
480,2005-05-27 22:49:27,480,956,2005-05-30 17:46:27,2
481,2005-05-27 22:53:02,481,756,2005-06-01 22:53:02,2
482,2005-05-27 23:00:25,482,701,2005-05-28 21:30:25,1
483,2005-05-27 23:26:45,483,864,2005-05-29 21:16:45,2
484,2005-05-27 23:40:52,484,526,2005-05-28 22:40:52,2
485,2005-05-27 23:51:12,485,446,2005-05-28 20:26:12,1
486,2005-05-28 00:00:30,486,541,2005-05-28 19:18:30,2
487,2005-05-28 00:07:50,487,114,2005-06-03 22:30:50,2
488,2005-05-28 00:09:12,488,639,2005-05-31 04:44:12,2
489,2005-05-28 00:09:56,489,116,2005-05-30 22:32:56,2
490,2005-05-28 00:13:35,490,54,2005-05-29 00:11:35,2
491,2005-05-28 00:24:58,491,893,2005-05-28 22:34:58,1
492,2005-05-28 00:34:11,492,559,2005-05-30 18:40:11,1
493,2005-05-28 00:39:31,493,307,2005-06-02 19:35:31,1
494,2005-05-28 00:40:48,494,336,2005-05-29 06:07:48,1
495,2005-05-28 00:43:41,495,74,2005-06-04 03:56:41,1
496,2005-05-28 00:54:39,496,361,2005-06-03 20:47:39,2
497,2005-05-28 01:01:21,497,503,2005-05-30 21:20:21,2
498,2005-05-28 01:05:07,498,287,2005-06-05 19:54:07,2
499,2005-05-28 01:05:25,499,913,2005-05-31 20:04:25,1
500,2005-05-28 01:09:36,500,481,2005-05-30 06:14:36,2
501,2005-05-28 01:34:43,501,694,2005-05-31 01:02:43,2
502,2005-05-28 01:35:25,502,880,2005-05-28 22:12:25,2
503,2005-05-28 02:05:34,503,291,2005-05-30 23:03:34,1
504,2005-05-28 02:06:37,504,483,2005-05-29 06:57:37,1
505,2005-05-28 02:09:19,505,192,2005-06-05 20:34:19,1
506,2005-05-28 02:31:19,506,262,2005-06-02 05:07:19,2
507,2005-05-28 02:40:50,507,742,2005-06-05 03:05:50,1
508,2005-05-28 02:51:12,508,764,2005-05-31 06:27:12,1
509,2005-05-28 02:52:14,509,738,2005-05-30 21:20:14,2
510,2005-05-28 03:04:04,510,996,2005-06-03 04:58:04,1
511,2005-05-28 03:07:50,511,487,2005-06-05 02:12:50,2
512,2005-05-28 03:08:10,512,648,2005-05-29 07:22:10,1
513,2005-05-28 03:09:28,513,700,2005-06-05 00:49:28,2
514,2005-05-28 03:10:10,514,267,2005-06-04 02:18:10,2
515,2005-05-28 03:11:47,515,25,2005-06-04 02:19:47,1
516,2005-05-28 03:17:57,516,282,2005-05-29 06:33:57,1
517,2005-05-28 03:18:02,517,334,2005-05-30 05:32:02,1
518,2005-05-28 03:22:33,518,654,2005-06-03 05:06:33,1
519,2005-05-28 03:27:37,519,364,2005-06-04 05:47:37,1
520,2005-05-28 03:32:22,520,465,2005-05-28 22:37:22,1
521,2005-05-28 03:33:20,521,959,2005-05-31 04:23:20,1
522,2005-05-28 03:53:26,522,538,2005-05-31 05:58:26,2
523,2005-05-28 03:57:28,523,834,2005-05-31 05:20:28,1
524,2005-05-28 04:25:33,524,823,2005-06-06 04:18:33,1
525,2005-05-28 04:27:37,525,789,2005-05-30 07:52:37,1
526,2005-05-28 04:28:38,526,588,2005-06-02 08:19:38,1
527,2005-05-28 04:30:05,527,93,2005-06-03 10:01:05,2
528,2005-05-28 04:34:17,528,450,2005-05-30 00:35:17,1
529,2005-05-28 05:13:01,529,776,2005-06-01 10:21:01,2
530,2005-05-28 05:23:38,530,126,2005-05-29 08:00:38,2
531,2005-05-28 05:36:58,531,596,2005-06-02 01:50:58,1
532,2005-05-28 06:14:46,532,368,2005-06-01 06:26:46,2
533,2005-05-28 06:15:25,533,445,2005-06-06 07:51:25,1
534,2005-05-28 06:16:32,534,529,2005-05-31 02:48:32,1
535,2005-05-28 06:17:33,535,863,2005-06-03 10:02:33,2
536,2005-05-28 06:20:55,536,89,2005-06-05 11:48:55,2
537,2005-05-28 06:21:05,537,157,2005-06-02 01:22:05,2
538,2005-05-28 06:26:16,538,580,2005-05-30 02:02:16,1
539,2005-05-28 06:40:25,539,810,2005-06-06 00:47:25,1
540,2005-05-28 06:41:58,540,548,2005-06-02 09:12:58,2
541,2005-05-28 06:42:13,541,539,2005-06-03 09:05:13,1
542,2005-05-28 06:43:34,542,508,2005-06-06 07:16:34,2
543,2005-05-28 07:03:00,543,168,2005-06-06 06:23:00,1
544,2005-05-28 07:10:20,544,248,2005-06-04 01:47:20,2
545,2005-05-28 07:16:25,545,711,2005-06-01 08:36:25,1
546,2005-05-28 07:24:28,546,249,2005-06-06 01:31:28,2
547,2005-05-28 07:34:56,547,515,2005-06-05 03:14:56,2
548,2005-05-28 07:35:37,548,285,2005-06-02 09:08:37,1
549,2005-05-28 07:39:16,549,936,2005-06-06 12:20:16,2
550,2005-05-28 07:44:18,550,208,2005-06-02 12:55:18,2
551,2005-05-28 07:53:38,551,927,2005-06-04 12:45:38,2
552,2005-05-28 08:14:44,552,400,2005-06-02 03:01:44,2
553,2005-05-28 08:23:16,553,323,2005-05-31 03:29:16,2
554,2005-05-28 08:31:14,554,572,2005-05-30 07:34:14,2
555,2005-05-28 08:31:36,555,685,2005-06-06 07:29:36,2
556,2005-05-28 08:36:22,556,28,2005-06-03 10:42:22,2
557,2005-05-28 08:38:43,557,182,2005-06-06 13:52:43,1
558,2005-05-28 08:39:02,558,512,2005-06-05 08:38:02,2
559,2005-05-28 08:53:02,559,240,2005-06-04 12:27:02,2
560,2005-05-28 08:54:06,560,413,2005-06-05 05:54:06,1
561,2005-05-28 09:01:21,561,415,2005-06-02 05:26:21,2
562,2005-05-28 09:10:49,562,381,2005-06-06 11:32:49,1
563,2005-05-28 09:12:09,563,981,2005-05-29 05:07:09,1
564,2005-05-28 09:26:31,564,595,2005-06-01 07:28:31,1
565,2005-05-28 09:51:39,565,310,2005-06-05 09:35:39,1
566,2005-05-28 09:56:20,566,837,2005-06-01 06:41:20,2
567,2005-05-28 09:57:36,567,790,2005-05-31 15:44:36,1
568,2005-05-28 10:12:41,568,152,2005-06-03 10:08:41,2
569,2005-05-28 10:15:04,569,607,2005-05-30 08:32:04,1
570,2005-05-28 10:17:41,570,942,2005-06-05 07:56:41,1
571,2005-05-28 10:30:13,571,448,2005-06-02 05:04:13,2
572,2005-05-28 10:35:23,572,21,2005-06-03 06:32:23,1
573,2005-05-28 10:44:28,573,791,2005-06-04 11:42:28,1
574,2005-05-28 10:56:09,574,962,2005-06-05 15:39:09,1
575,2005-05-28 10:56:10,575,771,2005-06-04 13:15:10,2
576,2005-05-28 11:09:14,576,846,2005-06-01 13:27:14,2
577,2005-05-28 11:15:48,577,447,2005-06-02 09:59:48,1
578,2005-05-28 11:19:23,578,205,2005-06-02 13:51:23,1
579,2005-05-28 11:19:53,579,535,2005-06-01 10:44:53,2
580,2005-05-28 11:20:29,580,300,2005-06-04 12:37:29,2
581,2005-05-28 11:33:46,581,622,2005-05-29 08:33:46,1
582,2005-05-28 11:48:55,582,78,2005-06-04 07:09:55,2
583,2005-05-28 11:49:00,583,304,2005-06-01 11:54:00,1
584,2005-05-28 11:50:45,584,934,2005-06-03 15:35:45,2
585,2005-05-28 12:03:00,585,337,2005-05-29 13:16:00,1
586,2005-05-28 12:05:33,586,77,2005-05-30 13:45:33,2
587,2005-05-28 12:08:37,587,802,2005-05-29 16:25:37,2
588,2005-05-28 12:27:50,588,132,2005-06-03 07:15:50,2
589,2005-05-28 13:06:50,589,119,2005-06-02 09:18:50,1
590,2005-05-28 13:11:04,590,289,2005-05-29 17:20:04,2
591,2005-05-28 13:21:08,591,778,2005-05-29 16:55:08,1
592,2005-05-28 13:33:23,592,826,2005-05-30 17:10:23,2
593,2005-05-28 13:41:56,593,195,2005-05-30 12:00:56,1
594,2005-05-28 13:59:54,594,647,2005-06-05 15:16:54,1
595,2005-05-28 14:00:03,595,20,2005-05-29 17:10:03,1
596,2005-05-28 14:01:02,596,101,2005-06-06 19:06:02,2
597,2005-05-28 14:04:50,597,418,2005-06-03 18:00:50,2
598,2005-05-28 14:05:57,598,320,2005-06-01 16:41:57,2
599,2005-05-28 14:08:19,599,811,2005-06-03 11:57:19,2
600,2005-05-28 14:08:22,600,474,2005-06-04 10:50:22,1
601,2005-05-28 14:15:54,601,417,2005-06-05 15:16:54,2
602,2005-05-28 14:27:51,602,591,2005-05-29 13:13:51,1
603,2005-05-28 14:37:07,603,606,2005-06-03 11:03:07,2
604,2005-05-28 14:39:10,604,321,2005-06-01 09:28:10,2
605,2005-05-28 14:48:39,605,847,2005-06-04 09:44:39,2
606,2005-05-28 15:02:41,606,501,2005-05-30 12:54:41,2
607,2005-05-28 15:03:44,607,798,2005-06-04 17:14:44,2
608,2005-05-28 15:04:02,608,976,2005-06-05 14:47:02,2
609,2005-05-28 15:15:25,609,220,2005-06-02 12:30:25,2
610,2005-05-28 15:18:18,610,352,2005-05-31 20:15:18,2
611,2005-05-28 15:24:54,611,751,2005-05-30 14:22:54,2
612,2005-05-28 15:27:22,612,828,2005-06-02 20:01:22,1
613,2005-05-28 15:33:28,613,593,2005-06-04 12:27:28,2
614,2005-05-28 15:35:52,614,120,2005-06-03 17:35:52,2
615,2005-05-28 15:45:39,615,174,2005-06-02 09:55:39,1
616,2005-05-28 15:49:14,616,149,2005-05-31 14:29:14,2
617,2005-05-28 15:50:07,617,816,2005-06-01 19:45:07,1
618,2005-05-28 15:52:26,618,536,2005-06-06 17:55:26,2
619,2005-05-28 15:54:45,619,277,2005-06-04 20:26:45,1
620,2005-05-28 15:58:12,620,166,2005-05-30 21:54:12,1
621,2005-05-28 15:58:22,621,560,2005-06-04 10:13:22,1
622,2005-05-28 16:01:28,622,517,2005-05-30 11:19:28,1
623,2005-05-28 16:13:22,623,852,2005-06-06 20:35:22,1
624,2005-05-28 16:35:46,624,295,2005-06-01 14:19:46,1
625,2005-05-28 16:58:09,625,522,2005-06-01 14:02:09,2
626,2005-05-28 17:04:43,626,921,2005-06-04 19:58:43,2
627,2005-05-28 17:05:46,627,349,2005-06-06 16:29:46,2
628,2005-05-28 17:19:15,628,211,2005-06-02 20:01:15,2
629,2005-05-28 17:24:51,629,76,2005-06-05 20:05:51,2
630,2005-05-28 17:36:32,630,938,2005-06-03 14:56:32,2
631,2005-05-28 17:37:50,631,223,2005-06-03 16:04:50,1
632,2005-05-28 17:37:59,632,644,2005-06-03 22:49:59,2
633,2005-05-28 17:40:35,633,894,2005-06-05 16:18:35,2
634,2005-05-28 17:46:57,634,414,2005-06-06 18:24:57,1
635,2005-05-28 17:47:58,635,468,2005-06-04 16:32:58,1
636,2005-05-28 18:14:29,636,389,2005-05-29 23:48:29,2
637,2005-05-28 18:24:43,637,793,2005-06-02 19:03:43,2
638,2005-05-28 18:25:02,638,758,2005-05-29 18:22:02,1
639,2005-05-28 18:43:26,639,775,2005-05-30 13:39:26,1
640,2005-05-28 18:45:47,640,603,2005-06-04 15:24:47,1
641,2005-05-28 18:49:12,641,146,2005-06-01 20:50:12,2
642,2005-05-28 18:52:11,642,857,2005-05-31 15:15:11,2
643,2005-05-28 18:59:12,643,902,2005-06-04 18:06:12,1
644,2005-05-28 19:14:09,644,231,2005-06-05 14:01:09,1
645,2005-05-28 19:16:14,645,123,2005-05-31 16:50:14,2
646,2005-05-28 19:22:52,646,463,2005-06-01 00:10:52,1
647,2005-05-28 19:25:54,647,537,2005-06-03 15:57:54,2
648,2005-05-28 19:35:45,648,194,2005-06-05 16:00:45,1
649,2005-05-28 19:45:40,649,650,2005-05-29 21:02:40,1
650,2005-05-28 19:46:50,650,281,2005-05-30 16:29:50,1
651,2005-05-28 20:08:47,651,814,2005-05-29 14:57:47,2
652,2005-05-28 20:12:20,652,4,2005-06-04 14:44:20,2
653,2005-05-28 20:15:30,653,437,2005-05-30 22:02:30,2
654,2005-05-28 20:16:20,654,253,2005-05-31 16:46:20,2
655,2005-05-28 20:18:24,655,841,2005-05-30 16:19:24,1
656,2005-05-28 20:23:09,656,460,2005-06-01 02:11:09,1
657,2005-05-28 20:23:23,657,867,2005-06-06 19:31:23,2
658,2005-05-28 20:27:53,658,575,2005-05-31 01:36:53,2
659,2005-05-28 20:53:31,659,34,2005-05-30 15:26:31,1
660,2005-05-28 21:01:25,660,35,2005-06-02 01:22:25,2
661,2005-05-28 21:09:31,661,979,2005-06-01 19:00:31,2
662,2005-05-28 21:23:02,662,968,2005-06-02 17:39:02,2
663,2005-05-28 21:31:08,663,713,2005-06-02 20:56:08,2
664,2005-05-28 21:38:39,664,189,2005-05-29 21:37:39,1
665,2005-05-28 21:48:51,665,614,2005-06-05 16:45:51,2
666,2005-05-28 21:49:02,666,273,2005-05-31 03:07:02,1
667,2005-05-28 21:54:45,667,297,2005-05-29 22:32:45,1
668,2005-05-28 22:03:25,668,71,2005-06-03 03:39:25,1
669,2005-05-28 22:04:03,669,340,2005-06-06 22:43:03,2
670,2005-05-28 22:04:30,670,812,2005-06-03 01:21:30,2
671,2005-05-28 22:05:29,671,3,2005-06-06 02:10:29,2
672,2005-05-28 22:07:30,672,723,2005-06-01 23:42:30,1
673,2005-05-28 22:11:35,673,328,2005-06-01 23:58:35,2
674,2005-05-28 22:22:44,674,677,2005-06-01 02:57:44,2
675,2005-05-28 22:27:51,675,67,2005-05-29 20:36:51,2
676,2005-05-28 23:00:08,676,920,2005-06-05 19:11:08,2
677,2005-05-28 23:15:48,677,693,2005-06-03 04:43:48,2
678,2005-05-28 23:24:57,678,985,2005-06-06 21:59:57,2
679,2005-05-28 23:27:26,679,99,2005-06-02 02:28:26,2
680,2005-05-28 23:39:44,680,922,2005-06-01 01:42:44,1
681,2005-05-28 23:53:18,681,332,2005-05-29 19:14:18,2
682,2005-05-29 00:09:48,682,142,2005-06-02 04:27:48,1
683,2005-05-29 00:13:15,683,562,2005-06-04 21:26:15,2
684,2005-05-29 00:17:51,684,268,2005-06-05 05:32:51,2
685,2005-05-29 00:27:10,685,452,2005-05-30 02:29:10,1
686,2005-05-29 00:32:09,686,697,2005-05-31 23:53:09,1
687,2005-05-29 00:45:24,687,410,2005-06-02 01:30:24,1
688,2005-05-29 00:46:53,688,276,2005-06-03 23:48:53,2
689,2005-05-29 00:54:53,689,199,2005-06-06 00:45:53,1
690,2005-05-29 01:01:26,690,878,2005-06-07 06:21:26,1
691,2005-05-29 01:32:10,691,547,2005-06-02 03:54:10,2
692,2005-05-29 01:42:31,692,513,2005-06-03 02:29:31,2
693,2005-05-29 01:49:43,693,430,2005-06-05 06:52:43,1
694,2005-05-29 01:50:53,694,423,2005-06-03 02:28:53,1
695,2005-05-29 01:59:10,695,652,2005-06-01 02:45:10,1
696,2005-05-29 02:04:04,696,387,2005-06-04 00:47:04,2
697,2005-05-29 02:10:52,697,558,2005-06-01 21:52:52,1
698,2005-05-29 02:11:44,698,59,2005-06-04 20:23:44,2
699,2005-05-29 02:18:54,699,965,2005-05-30 05:54:54,1
700,2005-05-29 02:26:27,700,306,2005-06-03 04:59:27,1
701,2005-05-29 02:27:30,701,743,2005-05-30 01:52:30,2
702,2005-05-29 02:29:36,702,797,2005-06-03 04:54:36,2
703,2005-05-29 02:44:43,703,261,2005-06-06 01:51:43,2
704,2005-05-29 02:48:52,704,148,2005-05-30 06:21:52,1
705,2005-05-29 03:05:49,705,61,2005-06-04 22:48:49,1
706,2005-05-29 03:18:19,706,233,2005-05-30 02:45:19,1
707,2005-05-29 03:23:47,707,970,2005-05-31 21:27:47,2
708,2005-05-29 03:48:01,708,203,2005-06-06 05:21:01,1
709,2005-05-29 03:48:36,709,715,2005-06-03 05:03:36,1
710,2005-05-29 03:49:03,710,653,2005-05-31 08:29:03,2
711,2005-05-29 04:02:24,711,555,2005-05-30 03:09:24,2
712,2005-05-29 04:10:17,712,176,2005-06-07 07:13:17,1
713,2005-05-29 04:15:21,713,163,2005-06-01 23:05:21,2
714,2005-05-29 04:22:41,714,744,2005-06-05 09:28:41,1
715,2005-05-29 04:35:29,715,565,2005-06-01 07:42:29,2
716,2005-05-29 04:37:44,716,999,2005-05-30 05:48:44,2
717,2005-05-29 04:52:23,717,1,2005-06-02 02:27:23,1
718,2005-05-29 05:16:05,718,887,2005-06-01 07:53:05,2
719,2005-05-29 05:17:30,719,118,2005-06-06 02:47:30,2
720,2005-05-29 05:28:47,720,75,2005-05-31 11:24:47,1
721,2005-05-29 05:30:31,721,2,2005-06-06 04:51:31,1
722,2005-05-29 05:34:44,722,12,2005-05-30 05:50:44,1
723,2005-05-29 05:53:23,723,60,2005-06-05 04:01:23,2
724,2005-05-29 06:03:41,724,470,2005-06-03 08:52:41,2
725,2005-05-29 06:05:29,725,939,2005-06-05 04:40:29,2
726,2005-05-29 06:08:15,726,42,2005-05-30 07:16:15,1
727,2005-05-29 06:12:38,727,354,2005-06-03 07:41:38,1
728,2005-05-29 06:35:13,728,877,2005-06-04 03:23:13,2
729,2005-05-29 07:00:59,729,113,2005-06-06 01:17:59,1
730,2005-05-29 07:25:16,730,260,2005-05-30 05:21:16,1
731,2005-05-29 07:32:51,731,431,2005-05-30 10:08:51,2
732,2005-05-29 07:35:21,732,509,2005-06-05 09:14:21,1
733,2005-05-29 07:38:52,733,892,2005-06-03 10:17:52,2
734,2005-05-29 08:08:13,734,766,2005-06-07 13:35:13,1
735,2005-05-29 08:10:07,735,698,2005-06-05 10:21:07,2
736,2005-05-29 08:11:31,736,467,2005-06-04 11:18:31,2
737,2005-05-29 08:20:08,737,691,2005-06-06 08:59:08,2
738,2005-05-29 08:28:18,738,635,2005-06-06 09:21:18,2
739,2005-05-29 08:30:36,739,668,2005-06-04 12:47:36,2
740,2005-05-29 08:35:49,740,703,2005-06-04 11:55:49,1
741,2005-05-29 08:36:30,741,813,2005-06-05 11:30:30,1
742,2005-05-29 08:39:02,742,177,2005-06-06 08:42:02,2
743,2005-05-29 09:13:08,743,554,2005-06-01 07:05:08,2
744,2005-05-29 09:22:57,744,444,2005-06-01 09:10:57,1
745,2005-05-29 09:25:10,745,420,2005-06-02 04:20:10,2
746,2005-05-29 09:26:34,746,557,2005-06-05 07:28:34,1
747,2005-05-29 09:27:00,747,185,2005-06-03 04:25:00,1
748,2005-05-29 09:33:33,748,640,2005-05-31 11:45:33,2
749,2005-05-29 09:41:40,749,245,2005-05-30 13:31:40,1
750,2005-05-29 09:55:43,750,124,2005-06-02 04:54:43,1
751,2005-05-29 10:14:15,751,949,2005-06-04 06:30:15,1
752,2005-05-29 10:16:42,752,788,2005-06-05 08:52:42,2
753,2005-05-29 10:18:59,753,966,2005-06-04 05:03:59,2
754,2005-05-29 10:26:29,754,293,2005-06-01 10:25:29,2
755,2005-05-29 10:28:45,755,137,2005-06-04 12:50:45,1
756,2005-05-29 10:29:47,756,783,2005-06-07 15:27:47,1
757,2005-05-29 10:31:56,757,739,2005-06-01 14:53:56,2
758,2005-05-29 10:57:57,758,258,2005-06-07 16:23:57,2
759,2005-05-29 11:07:25,759,860,2005-06-02 14:16:25,1
760,2005-05-29 11:09:01,760,612,2005-06-03 16:18:01,2
761,2005-05-29 11:15:51,761,636,2005-06-06 07:48:51,1
762,2005-05-29 11:32:15,762,1000,2005-05-31 17:31:15,1
763,2005-05-29 11:37:35,763,214,2005-05-31 16:47:35,1
764,2005-05-29 11:38:34,764,84,2005-06-02 17:04:34,1
765,2005-05-29 11:47:02,765,540,2005-06-06 07:14:02,1
766,2005-05-29 12:20:19,766,217,2005-06-02 14:15:19,2
767,2005-05-29 12:30:46,767,439,2005-06-07 09:00:46,2
768,2005-05-29 12:51:44,768,102,2005-06-01 17:43:44,1
769,2005-05-29 12:56:50,769,434,2005-06-07 15:54:50,2
770,2005-05-29 12:59:14,770,692,2005-06-01 16:05:14,2
771,2005-05-29 13:08:06,771,963,2005-06-06 08:19:06,1
772,2005-05-29 13:18:05,772,627,2005-06-07 17:22:05,1
773,2005-05-29 13:19:43,773,269,2005-06-01 18:51:43,1
774,2005-05-29 13:23:26,774,930,2005-05-30 07:53:26,2
775,2005-05-29 13:35:35,775,162,2005-06-03 17:33:35,1
776,2005-05-29 14:07:58,776,869,2005-06-03 08:41:58,2
777,2005-05-29 14:09:53,777,573,2005-06-05 20:05:53,1
778,2005-05-29 14:17:17,778,777,2005-06-06 16:46:17,1
779,2005-05-29 14:18:32,779,696,2005-06-06 20:14:32,1
780,2005-05-29 14:23:58,780,982,2005-05-30 17:44:58,1
781,2005-05-29 14:38:57,781,412,2005-06-02 13:18:57,2
782,2005-05-29 14:41:18,782,609,2005-06-06 10:39:18,2
783,2005-05-29 14:44:22,783,39,2005-06-01 17:28:22,2
784,2005-05-29 15:08:41,784,280,2005-05-30 15:51:41,1
785,2005-05-29 15:17:28,785,45,2005-06-07 10:07:28,2
786,2005-05-29 16:03:03,786,669,2005-06-07 11:07:03,2
787,2005-05-29 16:13:55,787,373,2005-05-31 16:40:55,1
788,2005-05-29 16:17:07,788,729,2005-06-06 18:15:07,1
789,2005-05-29 16:19:29,789,772,2005-06-02 17:22:29,2
790,2005-05-29 16:30:42,790,686,2005-06-01 19:11:42,1
791,2005-05-29 16:32:10,791,761,2005-05-31 18:01:10,1
792,2005-05-29 16:44:08,792,175,2005-06-06 19:21:08,2
793,2005-05-29 16:44:11,793,871,2005-06-05 16:11:11,1
794,2005-05-29 16:57:39,794,16,2005-06-01 11:33:39,2
795,2005-05-29 16:59:44,795,972,2005-06-03 16:22:44,2
796,2005-05-29 17:12:17,796,673,2005-06-03 16:06:17,1
797,2005-05-29 17:23:43,797,486,2005-06-01 13:06:43,2
798,2005-05-29 17:24:48,798,903,2005-06-05 12:25:48,1
799,2005-05-29 17:28:12,799,49,2005-05-30 14:59:12,1
800,2005-05-29 17:35:50,800,998,2005-06-04 17:05:50,2
801,2005-05-29 17:38:59,801,305,2005-05-31 22:42:59,2
802,2005-05-29 17:52:30,802,809,2005-05-30 14:35:30,2
803,2005-05-29 18:10:24,803,581,2005-06-06 22:53:24,1
804,2005-05-29 18:18:18,804,409,2005-06-07 15:11:18,2
805,2005-05-29 18:31:30,805,661,2005-05-31 00:18:30,2
806,2005-05-29 18:50:50,806,327,2005-06-03 18:36:50,2
807,2005-05-29 19:08:20,807,708,2005-06-06 20:32:20,2
808,2005-05-29 19:10:20,808,313,2005-06-05 19:05:20,2
809,2005-05-29 19:12:04,809,494,2005-06-04 21:12:04,2
810,2005-05-29 19:30:42,810,665,2005-06-02 16:19:42,2
811,2005-05-29 20:00:30,811,594,2005-05-30 19:43:30,2
812,2005-05-29 20:14:34,812,382,2005-06-05 20:56:34,1
813,2005-05-29 20:16:12,813,82,2005-06-07 17:47:12,1
814,2005-05-29 20:24:28,814,403,2005-06-03 15:32:28,1
815,2005-05-29 20:26:39,815,80,2005-06-06 22:31:39,2
816,2005-05-29 20:39:14,816,367,2005-05-31 18:24:14,1
817,2005-05-29 20:47:53,817,454,2005-06-02 23:18:53,2
818,2005-05-29 21:00:32,818,953,2005-06-02 15:15:32,2
819,2005-05-29 21:07:22,819,755,2005-06-07 00:22:22,2
820,2005-05-29 21:31:12,820,890,2005-06-04 22:49:12,1
821,2005-05-29 21:36:00,821,900,2005-06-07 17:24:00,1
822,2005-05-29 21:39:37,822,803,2005-05-30 22:06:37,1
823,2005-05-29 21:45:32,823,579,2005-05-31 19:01:32,1
824,2005-05-29 21:49:41,824,660,2005-06-04 20:27:41,2
825,2005-05-29 21:56:15,825,683,2005-06-08 03:18:15,1
826,2005-05-29 21:58:43,826,552,2005-06-06 00:54:43,1
827,2005-05-29 22:14:55,827,923,2005-05-30 17:22:55,1
828,2005-05-29 22:16:42,828,918,2005-06-06 01:38:42,1
829,2005-05-29 22:43:55,829,135,2005-06-01 17:43:55,1
830,2005-05-29 22:50:25,830,671,2005-06-06 02:27:25,1
831,2005-05-29 22:51:20,831,909,2005-06-07 17:37:20,2
832,2005-05-29 23:21:56,832,265,2005-06-02 18:40:56,1
833,2005-05-29 23:24:30,833,356,2005-05-30 22:00:30,2
834,2005-05-29 23:37:00,834,184,2005-06-02 23:38:00,1
835,2005-05-29 23:56:42,835,298,2005-05-31 04:11:42,2
836,2005-05-30 00:02:08,836,785,2005-06-02 05:31:08,2
837,2005-05-30 00:27:57,837,859,2005-06-06 22:19:57,2
838,2005-05-30 00:28:12,838,326,2005-06-08 02:43:12,1
839,2005-05-30 00:28:41,839,564,2005-05-31 20:39:41,2
840,2005-05-30 00:31:17,840,360,2005-06-02 19:14:17,1
841,2005-05-30 00:32:04,841,473,2005-06-01 02:21:04,1
842,2005-05-30 00:44:24,842,524,2005-05-31 00:58:24,2
843,2005-05-30 00:58:20,843,331,2005-06-01 00:38:20,1
844,2005-05-30 01:17:25,844,753,2005-06-07 02:00:25,1
845,2005-05-30 01:17:45,845,556,2005-06-01 00:56:45,2
846,2005-05-30 01:18:15,846,433,2005-06-06 20:20:15,2
847,2005-05-30 01:19:53,847,850,2005-06-05 23:40:53,1
848,2005-05-30 01:23:07,848,44,2005-06-07 01:50:07,1
849,2005-05-30 01:35:12,849,682,2005-05-31 01:51:12,1
850,2005-05-30 01:35:15,850,984,2005-06-06 07:27:15,1
851,2005-05-30 01:36:57,851,721,2005-06-01 22:44:57,1
852,2005-05-30 01:43:31,852,383,2005-06-01 02:05:31,1
853,2005-05-30 01:56:11,853,839,2005-06-01 06:34:11,2
854,2005-05-30 02:00:28,854,741,2005-06-03 20:16:28,2
855,2005-05-30 02:01:21,855,832,2005-06-07 03:25:21,1
856,2005-05-30 02:01:23,856,674,2005-06-02 06:07:23,2
857,2005-05-30 02:10:32,857,757,2005-06-01 04:42:32,1
858,2005-05-30 02:36:20,858,48,2005-06-02 07:49:20,2
859,2005-05-30 02:45:16,859,542,2005-06-08 07:28:16,1
860,2005-05-30 02:48:32,860,259,2005-06-06 05:43:32,1
861,2005-05-30 03:09:11,861,186,2005-06-03 21:27:11,1
862,2005-05-30 03:14:59,862,213,2005-06-05 04:34:59,2
863,2005-05-30 03:27:17,863,784,2005-06-06 08:28:17,1
864,2005-05-30 03:39:44,864,363,2005-06-07 08:10:44,2
865,2005-05-30 03:43:54,865,861,2005-06-08 04:28:54,1
866,2005-05-30 03:54:43,866,86,2005-06-01 22:59:43,1
867,2005-05-30 04:19:55,867,616,2005-05-31 02:28:55,1
868,2005-05-30 04:22:06,868,862,2005-06-03 09:18:06,2
869,2005-05-30 04:25:47,869,225,2005-06-06 04:32:47,1
870,2005-05-30 05:01:30,870,27,2005-06-04 06:22:30,2
871,2005-05-30 05:03:04,871,578,2005-06-06 10:35:04,1
872,2005-05-30 05:15:20,872,216,2005-06-07 00:49:20,2
873,2005-05-30 05:36:21,873,441,2005-06-01 09:32:21,1
874,2005-05-30 05:38:24,874,574,2005-06-06 00:34:24,2
875,2005-05-30 05:41:22,875,747,2005-06-07 09:06:22,2
876,2005-05-30 05:48:59,876,329,2005-06-02 09:30:59,1
877,2005-05-30 05:49:13,877,822,2005-06-07 04:35:13,1
878,2005-05-30 05:49:42,878,81,2005-06-05 01:45:42,2
879,2005-05-30 06:12:33,879,624,2005-06-02 04:35:33,2
880,2005-05-30 06:15:36,880,145,2005-06-02 10:21:36,1
881,2005-05-30 06:16:06,881,947,2005-06-02 11:57:06,1
882,2005-05-30 06:21:05,882,618,2005-06-07 04:50:05,2
883,2005-05-30 06:41:32,883,662,2005-05-31 07:39:32,1
884,2005-05-30 06:54:28,884,779,2005-06-03 07:03:28,2
885,2005-05-30 06:54:51,885,308,2005-06-01 06:04:51,2
886,2005-05-30 07:10:00,886,106,2005-06-01 06:48:00,2
887,2005-05-30 07:13:14,887,845,2005-06-06 09:50:14,1
888,2005-05-30 07:14:53,888,854,2005-05-31 07:56:53,2
889,2005-05-30 07:43:04,889,626,2005-06-01 11:26:04,1
890,2005-05-30 07:43:12,890,127,2005-06-08 09:21:12,1
891,2005-05-30 08:02:56,891,408,2005-06-05 12:51:56,1
892,2005-05-30 08:06:59,892,875,2005-06-07 08:23:59,2
893,2005-05-30 08:31:31,893,704,2005-06-07 12:39:31,1
894,2005-05-30 08:50:43,894,173,2005-06-05 10:58:43,1
895,2005-05-30 09:03:52,895,752,2005-06-05 07:37:52,2
896,2005-05-30 09:10:01,896,592,2005-06-08 03:43:01,1
897,2005-05-30 09:26:19,897,210,2005-06-01 10:45:19,2
898,2005-05-30 09:29:30,898,111,2005-06-06 12:39:30,2
899,2005-05-30 09:38:41,899,943,2005-06-07 11:54:41,1
900,2005-05-30 09:40:40,900,370,2005-06-02 10:32:40,1
901,2005-05-30 09:53:36,901,924,2005-06-07 12:10:36,1
902,2005-05-30 10:11:29,902,571,2005-06-03 09:33:29,1
903,2005-05-30 10:19:42,903,464,2005-06-05 04:58:42,2
904,2005-05-30 10:25:00,904,104,2005-06-06 06:23:00,1
905,2005-05-30 10:30:38,905,224,2005-06-07 06:44:38,2
906,2005-05-30 10:37:27,906,459,2005-06-02 09:51:27,1
907,2005-05-30 10:38:37,907,620,2005-06-03 09:56:37,1
908,2005-05-30 10:43:38,908,858,2005-06-08 12:07:38,1
909,2005-05-30 10:46:16,909,908,2005-06-04 13:32:16,1
910,2005-05-30 10:50:22,910,369,2005-06-07 12:26:22,2
911,2005-05-30 10:58:33,911,274,2005-05-31 09:31:33,2
912,2005-05-30 11:04:58,912,829,2005-06-07 13:22:58,2
913,2005-05-30 11:06:00,913,992,2005-06-04 06:07:00,2
914,2005-05-30 11:20:27,914,275,2005-06-02 11:55:27,1
915,2005-05-30 11:25:01,915,436,2005-05-31 09:06:01,1
916,2005-05-30 11:27:06,916,449,2005-06-02 08:31:06,1
917,2005-05-30 11:32:24,917,684,2005-05-31 07:55:24,2
918,2005-05-30 11:35:06,918,251,2005-06-02 13:16:06,2
919,2005-05-30 11:44:01,919,238,2005-06-02 08:19:01,2
920,2005-05-30 11:53:09,920,36,2005-06-03 10:00:09,2
921,2005-05-30 11:55:55,921,290,2005-06-08 10:12:55,2
922,2005-05-30 11:58:50,922,196,2005-06-05 09:57:50,1
923,2005-05-30 12:10:59,923,393,2005-06-04 17:28:59,1
924,2005-05-30 12:13:52,924,754,2005-06-02 14:41:52,2
925,2005-05-30 12:15:54,925,68,2005-06-01 08:53:54,2
926,2005-05-30 12:16:40,926,405,2005-05-31 16:20:40,2
927,2005-05-30 12:27:14,927,204,2005-06-05 13:56:14,2
928,2005-05-30 12:32:39,928,583,2005-06-06 12:17:39,1
929,2005-05-30 12:44:57,929,792,2005-06-04 10:53:57,2
930,2005-05-30 12:53:01,930,235,2005-05-31 14:28:01,1
931,2005-05-30 12:55:36,931,897,2005-05-31 10:30:36,2
932,2005-05-30 13:08:45,932,987,2005-06-01 18:56:45,1
933,2005-05-30 13:24:46,933,117,2005-06-08 16:44:46,2
934,2005-05-30 13:29:36,934,899,2005-06-02 11:08:36,1
935,2005-05-30 13:52:49,935,58,2005-06-07 16:56:49,1
936,2005-05-30 14:47:31,936,227,2005-06-05 09:53:31,2
937,2005-05-30 14:47:31,937,819,2005-06-04 10:10:31,2
938,2005-05-30 14:49:34,938,815,2005-06-01 19:00:34,1
939,2005-05-30 15:01:02,939,630,2005-06-01 18:26:02,1
940,2005-05-30 15:02:25,940,427,2005-06-01 17:19:25,1
941,2005-05-30 15:05:47,941,209,2005-06-08 15:59:47,2
942,2005-05-30 15:20:19,942,722,2005-06-06 18:53:19,1
943,2005-05-30 15:26:24,943,94,2005-06-07 18:09:24,2
944,2005-05-30 15:33:17,944,633,2005-06-02 15:02:17,2
945,2005-05-30 15:35:08,945,898,2005-06-08 11:38:08,1
946,2005-05-30 15:36:57,946,629,2005-06-04 18:48:57,1
947,2005-05-30 15:44:27,947,301,2005-06-08 17:30:27,2
948,2005-05-30 15:50:39,948,910,2005-06-03 14:25:39,1
949,2005-05-30 16:06:08,949,820,2005-06-01 11:43:08,1
950,2005-05-30 16:10:35,950,830,2005-05-31 19:01:35,2
951,2005-05-30 16:28:07,951,933,2005-06-02 16:12:07,2
952,2005-05-30 16:34:02,952,849,2005-05-31 20:34:02,1
953,2005-05-30 16:57:29,953,676,2005-06-08 13:30:29,2
954,2005-05-30 16:59:03,954,498,2005-05-31 11:58:03,2
955,2005-05-30 17:30:28,955,886,2005-06-07 13:54:28,2
956,2005-05-30 17:53:29,956,990,2005-06-03 15:31:29,2
957,2005-05-30 17:58:03,957,288,2005-06-01 19:17:03,2
958,2005-05-30 18:07:00,958,109,2005-06-02 14:37:00,2
959,2005-05-30 18:13:23,959,658,2005-06-04 00:12:23,2
960,2005-05-30 18:16:44,960,51,2005-06-04 23:40:44,2
961,2005-05-30 18:45:17,961,891,2005-06-05 22:47:17,1
962,2005-05-30 18:52:53,962,197,2005-06-07 16:19:53,2
963,2005-05-30 18:53:21,963,438,2005-06-04 22:32:21,2
964,2005-05-30 19:00:14,964,765,2005-05-31 17:10:14,2
965,2005-05-30 19:00:37,965,191,2005-05-31 23:51:37,1
966,2005-05-30 19:12:06,966,695,2005-06-09 00:02:06,2
967,2005-05-30 19:20:03,967,18,2005-05-31 18:17:03,2
968,2005-05-30 19:23:48,968,263,2005-05-31 21:14:48,1
969,2005-05-30 19:50:28,969,518,2005-06-09 01:19:28,1
970,2005-05-30 20:10:52,970,422,2005-06-06 20:47:52,1
971,2005-05-30 20:21:07,971,707,2005-06-06 00:36:07,1
972,2005-05-30 20:27:45,972,56,2005-06-08 22:47:45,2
973,2005-05-30 20:28:42,973,989,2005-06-08 23:45:42,2
974,2005-05-30 21:07:15,974,969,2005-06-03 01:48:15,2
975,2005-05-30 21:11:19,975,872,2005-06-06 02:16:19,2
976,2005-05-30 21:22:26,976,746,2005-06-04 22:32:26,2
977,2005-05-30 21:30:52,977,993,2005-06-07 16:22:52,1
978,2005-05-30 21:37:11,978,912,2005-06-08 00:24:11,2
979,2005-05-30 21:45:19,979,944,2005-06-01 20:32:19,1
980,2005-05-30 21:52:42,980,601,2005-06-01 03:15:42,2
981,2005-05-30 22:15:24,981,377,2005-06-02 16:18:24,1
982,2005-05-30 22:15:51,982,794,2005-06-02 22:56:51,1
983,2005-05-30 22:17:17,983,376,2005-06-01 20:15:17,2
984,2005-05-30 22:18:35,984,994,2005-06-04 23:36:35,1
985,2005-05-30 22:22:52,985,730,2005-06-01 02:24:52,1
986,2005-05-30 22:59:12,986,202,2005-06-07 20:56:12,1
987,2005-05-30 23:08:03,987,507,2005-06-07 00:22:03,1
988,2005-05-30 23:11:51,988,471,2005-06-03 20:36:51,2
989,2005-05-30 23:25:14,989,333,2005-06-06 18:41:14,2
990,2005-05-30 23:29:22,990,687,2005-06-07 23:16:22,1
991,2005-05-30 23:47:56,991,991,2005-06-05 19:01:56,1
992,2005-05-30 23:54:19,992,491,2005-06-04 21:27:19,1
993,2005-05-30 23:55:36,993,929,2005-06-04 01:00:36,2
994,2005-05-31 00:06:02,994,284,2005-06-06 02:30:02,2
995,2005-05-31 00:06:20,995,896,2005-05-31 21:29:20,2
996,2005-05-31 00:08:25,996,709,2005-06-02 00:17:25,2
997,2005-05-31 00:16:57,997,416,2005-06-01 22:41:57,1
998,2005-05-31 00:25:10,998,170,2005-06-03 06:05:10,2
999,2005-05-31 00:25:56,999,551,2005-06-08 19:42:56,2
1000,2005-05-31 00:46:31,1000,121,2005-06-06 06:14:31,2
